"Product ID","Type in App Store Connect","Reference name","Price (USD)","Unlocks"
"com.yourname.honkhustle.coins.xs","Consumable","Coins 1200","0.99","1200 coins"
"com.yourname.honkhustle.coins.s","Consumable","Coins 3200","2.99","3200 coins"
"com.yourname.honkhustle.coins.m","Consumable","Coins 7000","4.99","7000 coins"
"com.yourname.honkhustle.coins.l","Consumable","Coins 16000","9.99","16000 coins"
"com.yourname.honkhustle.coins.xl","Consumable","Coins 36000","19.99","36000 coins"
"com.yourname.honkhustle.coins.xxl","Consumable","Coins 100000","49.99","100000 coins"
"com.yourname.honkhustle.pu.starter","Consumable","Starter Kit","1.99","3 heli, 3 bay, 3 key"
"com.yourname.honkhustle.pu.mega","Consumable","Mega Kit","4.99","10 heli, 10 bay, 10 key"
"com.yourname.honkhustle.pu.super","Consumable","Super Kit","9.99","25 heli, 25 bay, 25 key"
"com.yourname.honkhustle.pu.ultra","Consumable","Ultra Kit","19.99","60 heli, 60 bay, 60 key"
"com.yourname.honkhustle.skin.unicorn","Non-Consumable","Skin Unicorn","2.99","v_unicorn"
"com.yourname.honkhustle.skin.gold","Non-Consumable","Skin Golden Ride","4.99","v_gold"
"com.yourname.honkhustle.skin.robot","Non-Consumable","Skin Robot","2.99","p_robot"
"com.yourname.honkhustle.skin.royal","Non-Consumable","Skin Royal","4.99","p_royal"
"com.yourname.honkhustle.set.ocean","Non-Consumable","Set Ocean Breeze","1.99","v_set_ocean + p_set_ocean"
"com.yourname.honkhustle.set.fire","Non-Consumable","Set Fire & Rescue","1.99","v_set_fire + p_set_fire"
"com.yourname.honkhustle.set.space","Non-Consumable","Set Space Explorer","3.99","v_set_space + p_set_space"
"com.yourname.honkhustle.set.cyber","Non-Consumable","Set Neon / Cyber","3.99","v_set_cyber + p_set_cyber"
"com.yourname.honkhustle.set.sports","Non-Consumable","Set Sports Champ","1.99","v_set_sports + p_set_sports"
"com.yourname.honkhustle.set.jungle","Non-Consumable","Set Jungle Adventure","1.99","v_set_jungle + p_set_jungle"
"com.yourname.honkhustle.set.royal","Non-Consumable","Set Royal Court","3.99","v_set_royal + p_set_royal"
"com.yourname.honkhustle.set.construction","Non-Consumable","Set Construction Crew","1.99","v_set_construction + p_set_construction"
"com.yourname.honkhustle.set.pirate","Non-Consumable","Set Pirate Voyage","1.99","v_set_pirate + p_set_pirate"
"com.yourname.honkhustle.set.hero","Non-Consumable","Set Hero Squad","3.99","v_set_hero + p_set_hero"
"com.yourname.honkhustle.set.rock","Non-Consumable","Set Rock Tour","1.99","v_set_rock + p_set_rock"
"com.yourname.honkhustle.set.circus","Non-Consumable","Set Circus Parade","1.99","v_set_circus + p_set_circus"
"com.yourname.honkhustle.set.spring","Non-Consumable","Set Spring Bloom","2.99","v_set_spring + p_set_spring"
"com.yourname.honkhustle.set.summer","Non-Consumable","Set Summer Beach","2.99","v_set_summer + p_set_summer"
"com.yourname.honkhustle.set.autumn","Non-Consumable","Set Autumn Harvest","2.99","v_set_autumn + p_set_autumn"
"com.yourname.honkhustle.set.winter","Non-Consumable","Set Winter Snow","2.99","v_set_winter + p_set_winter"
"com.yourname.honkhustle.set.christmas","Non-Consumable","Set Holiday Christmas","2.99","v_set_christmas + p_set_christmas"
"com.yourname.honkhustle.set.halloween","Non-Consumable","Set Halloween","2.99","v_set_halloween + p_set_halloween"
"com.yourname.honkhustle.set.valentine","Non-Consumable","Set Valentine's Day","2.99","v_set_valentine + p_set_valentine"
"com.yourname.honkhustle.set.stpatrick","Non-Consumable","Set St. Patrick's Day","2.99","v_set_stpatrick + p_set_stpatrick"
"com.yourname.honkhustle.set.easter","Non-Consumable","Set Easter","2.99","v_set_easter + p_set_easter"
"com.yourname.honkhustle.set.pride","Non-Consumable","Set Rainbow Pride","2.99","v_set_pride + p_set_pride"
"com.yourname.honkhustle.pack.spring","Non-Consumable","Spring Bloom Pack","4.99","season set + 3 buses"
"com.yourname.honkhustle.pack.summer","Non-Consumable","Summer Splash Pack","4.99","season set + 3 buses"
"com.yourname.honkhustle.pack.autumn","Non-Consumable","Autumn Harvest Pack","4.99","season set + 3 buses"
"com.yourname.honkhustle.pack.winter","Non-Consumable","Winter Wonderland Pack","4.99","season set + 3 buses"
"com.yourname.honkhustle.skin.unicornrider","Non-Consumable","Skin Unicorn Kid (rider)","2.99","p_unicorn"
"com.yourname.honkhustle.skin.goldrider","Non-Consumable","Skin Golden Star (rider)","4.99","p_golden"
"com.yourname.honkhustle.noads","Non-Consumable","Remove Ads","4.99","No ads between levels (restorable)"
